{
  "beamline_offset": -0.49789970191242894,
  "module_0": {
    "conv": 6.569035636514637e-05,
    "offset": 67.96803953698866,
    "centre": 639.5
  },
  "module_1": {
    "conv": 6.568468805318268e-05,
    "offset": 62.963185185756544,
    "centre": 639.5
  },
  "module_2": {
    "conv": 6.567507624754299e-05,
    "offset": 57.95135955565296,
    "centre": 639.5
  },
  "module_3": {
    "conv": 6.566494413515358e-05,
    "offset": 52.95234114426428,
    "centre": 639.5
  },
  "module_4": {
    "conv": 6.566507101245318e-05,
    "offset": 47.95144958693687,
    "centre": 639.5
  },
  "module_5": {
    "conv": 6.564928410901319e-05,
    "offset": 42.94311535666489,
    "centre": 639.5
  },
  "module_6": {
    "conv": 6.56401288549288e-05,
    "offset": 37.943943319906786,
    "centre": 639.5
  },
  "module_7": {
    "conv": 6.563103164178665e-05,
    "offset": 32.930223603470864,
    "centre": 639.5
  },
  "module_8": {
    "conv": 6.563013376876333e-05,
    "offset": 27.92850889307982,
    "centre": 639.5
  },
  "module_9": {
    "conv": 6.562912175412659e-05,
    "offset": 22.927085845479503,
    "centre": 639.5
  },
  "module_10": {
    "conv": 6.562403787067373e-05,
    "offset": 17.92530004291655,
    "centre": 639.5
  },
  "module_11": {
    "conv": 6.50714144302067e-05,
    "offset": 12.93714697370569,
    "centre": 639.5
  },
  "module_12": {
    "conv": 6.558956572593215e-05,
    "offset": 7.916707876251717,
    "centre": 639.5
  },
  "module_13": {
    "conv": 6.559231581908622e-05,
    "offset": 2.9263514025382236,
    "centre": 639.5
  },
  "module_14": {
    "conv": -6.558513218592229e-05,
    "offset": 0.42916224118013524,
    "centre": 639.5
  },
  "module_15": {
    "conv": -6.558325320879836e-05,
    "offset": 5.42444968769494,
    "centre": 639.5
  },
  "module_16": {
    "conv": -6.558775432968393e-05,
    "offset": 10.430684090730969,
    "centre": 639.5
  },
  "module_17": {
    "conv": -6.559958016268705e-05,
    "offset": 15.460898259570609,
    "centre": 639.5
  },
  "module_18": {
    "conv": -6.562121242669359e-05,
    "offset": 20.430628620895686,
    "centre": 639.5
  },
  "module_19": {
    "conv": -6.561979224818284e-05,
    "offset": 25.439580383285243,
    "centre": 639.5
  },
  "module_20": {
    "conv": -6.562276977679313e-05,
    "offset": 30.435691241809444,
    "centre": 639.5
  },
  "module_21": {
    "conv": -6.563138977256663e-05,
    "offset": 35.44553860053204,
    "centre": 639.5
  },
  "module_22": {
    "conv": -6.563856400083807e-05,
    "offset": 40.449198669577065,
    "centre": 639.5
  },
  "module_23": {
    "conv": -6.566019302212364e-05,
    "offset": 45.45436144293453,
    "centre": 639.5
  },
  "module_24": {
    "conv": -6.5662892082219e-05,
    "offset": 50.45737499401027,
    "centre": 639.5
  },
  "module_25": {
    "conv": -6.568183346680975e-05,
    "offset": 55.46205498886179,
    "centre": 639.5
  },
  "module_26": {
    "conv": -6.56897787019227e-05,
    "offset": 60.467934664535264,
    "centre": 639.5
  },
  "module_27": {
    "conv": -6.567657918854628e-05,
    "offset": 65.48052129001229,
    "centre": 639.5
  }
}
