{
    "beamline_offset": -0.49797387571608365,
    "centre": 639.5,
    "module_0": {
        "conv": 6.570184497741959e-05,
        "offset": 67.96978209773698
    },
    "module_1": {
        "conv": 6.568315103360132e-05,
        "offset": 62.96538344998067
    },
    "module_2": {
        "conv": 6.568292984577048e-05,
        "offset": 57.954158956916906
    },
    "module_3": {
        "conv": 6.566155391015388e-05,
        "offset": 52.95557701205766
    },
    "module_4": {
        "conv": 6.566551064046604e-05,
        "offset": 47.9555186087957
    },
    "module_5": {
        "conv": 6.56564416881416e-05,
        "offset": 42.94753952319434
    },
    "module_6": {
        "conv": 6.563593626034103e-05,
        "offset": 37.94886671053375
    },
    "module_7": {
        "conv": 6.564169975987083e-05,
        "offset": 32.93554609049577
    },
    "module_8": {
        "conv": 6.56217783956062e-05,
        "offset": 27.934354886129004
    },
    "module_9": {
        "conv": 6.562040232230031e-05,
        "offset": 22.932921824280186
    },
    "module_10": {
        "conv": 6.563425551557966e-05,
        "offset": 17.93115217829966
    },
    "module_11": {
        "conv": 6.50714144302067e-05,
        "offset": 12.93714697370569
    },
    "module_12": {
        "conv": 6.559688777484265e-05,
        "offset": 7.925242220666613
    },
    "module_13": {
        "conv": 6.558346574831002e-05,
        "offset": 2.9349146500271828
    },
    "module_14": {
        "conv": -6.558871353830087e-05,
        "offset": 0.43719841617827926
    },
    "module_15": {
        "conv": -6.55873849338328e-05,
        "offset": 5.43245569047748
    },
    "module_16": {
        "conv": -6.559859936901077e-05,
        "offset": 10.438755845366217
    },
    "module_17": {
        "conv": -6.559958016268705e-05,
        "offset": 15.460898259570609
    },
    "module_18": {
        "conv": -6.561026146803566e-05,
        "offset": 20.434766311618212
    },
    "module_19": {
        "conv": -6.561170974362194e-05,
        "offset": 25.443743042246087
    },
    "module_20": {
        "conv": -6.562461529722984e-05,
        "offset": 30.440076040360058
    },
    "module_21": {
        "conv": -6.564163529664693e-05,
        "offset": 35.44938893414347
    },
    "module_22": {
        "conv": -6.565333081177747e-05,
        "offset": 40.45283216309983
    },
    "module_23": {
        "conv": -6.564782459391464e-05,
        "offset": 45.45746776051998
    },
    "module_24": {
        "conv": -6.566850538481755e-05,
        "offset": 50.490325933600815
    },
    "module_25": {
        "conv": -6.567031885143943e-05,
        "offset": 55.46414350273406
    },
    "module_26": {
        "conv": -6.56761558320164e-05,
        "offset": 60.46960365808682
    },
    "module_27": {
        "conv": -6.567657918854628e-05,
        "offset": 65.48052129001229
    }
}
