{
    "centre": 639.5,
    "conv_0": 6.570184497741959e-05,
    "offset_0": 67.96978209773698,
    "conv_1": 6.568315103360132e-05,
    "offset_1": 62.96538344998067,
    "conv_2": 6.568292984577048e-05,
    "offset_2": 57.954158956916906,
    "conv_3": 6.566155391015388e-05,
    "offset_3": 52.95557701205766,
    "conv_4": 6.566551064046604e-05,
    "offset_4": 47.9555186087957,
    "conv_5": 6.56564416881416e-05,
    "offset_5": 42.94753952319434,
    "conv_6": 6.563593626034103e-05,
    "offset_6": 37.94886671053375,
    "conv_7": 6.564169975987083e-05,
    "offset_7": 32.93554609049577,
    "conv_8": 6.56217783956062e-05,
    "offset_8": 27.934354886129004,
    "conv_9": 6.562040232230031e-05,
    "offset_9": 22.932921824280186,
    "conv_10": 6.563425551557966e-05,
    "offset_10": 17.93115217829966,
    "conv_11": 6.50714144302067e-05,
    "offset_11": 12.93714697370569,
    "conv_12": 6.559688777484265e-05,
    "offset_12": 7.925242220666613,
    "conv_13": 6.558346574831002e-05,
    "offset_13": 2.9349146500271828,
    "conv_14": -6.558871353830087e-05,
    "offset_14": 0.43719841617827926,
    "conv_15": -6.55873849338328e-05,
    "offset_15": 5.43245569047748,
    "conv_16": -6.559859936901077e-05,
    "offset_16": 10.438755845366217,
    "conv_17": -6.559958016268705e-05,
    "offset_17": 15.46089825957060,
    "conv_18": -6.561026146803566e-05,
    "offset_18": 20.434766311618212,
    "conv_19": -6.561170974362194e-05,
    "offset_19": 25.443743042246087,
    "conv_20": -6.562461529722984e-05,
    "offset_20": 30.440076040360058,
    "conv_21": -6.564163529664693e-05,
    "offset_21": 35.44938893414347,
    "conv_22": -6.565333081177747e-05,
    "offset_22": 40.45283216309983,
    "conv_23": -6.564782459391464e-05,
    "offset_23": 45.45746776051998,
    "conv_24": -6.566850538481755e-05,
    "offset_24": 50.490325933600815,
    "conv_25": -6.567031885143943e-05,
    "offset_25": 55.46414350273406,
    "conv_26": -6.56761558320164e-05,
    "offset_26": 60.46960365808682,
    "conv_27": -6.567657918854628e-05,
    "offset_27": 65.48052129001229,
    "beamline_offset": -0.49797387571608365
}
